person_id,loan_status
8121,0
22683,0
17123,0
33342,0
35053,0
9743,0
31293,0
23137,0
26296,0
12429,0
36212,0
9809,0
33079,0
25855,0
27545,0
30188,0
22771,0
1354,0
32514,0
13977,0
10047,0
22723,0
22487,0
31538,0
7338,0
791,0
42876,0
4155,0
33709,0
25823,0
33818,0
3406,0
16523,0
40580,0
22907,0
34596,0
17107,0
32924,0
42779,0
3022,0
36846,0
32216,0
26932,0
10464,0
41186,0
38054,0
22951,0
35388,0
38358,0
36763,0
36316,0
25634,0
613,0
27354,0
38500,0
18629,0
42669,0
16556,0
24730,0
16041,0
24540,0
21314,0
13703,0
21075,0
21280,0
2179,0
31827,0
21753,0
9712,0
40712,0
32778,0
13964,0
20636,0
15668,0
38702,0
20903,0
24061,0
13277,0
33578,0
24736,0
12244,0
32738,0
32859,0
29480,0
37847,0
39554,0
33975,0
14151,0
34926,0
36200,0
13821,0
42007,0
12873,0
21346,0
17435,0
13099,0
21698,0
31259,0
32854,0
44515,0
22184,0
23025,0
41599,0
11832,0
32319,0
11821,0
13003,0
31810,0
11371,0
41211,0
23559,0
41606,0
11312,0
37149,0
13040,0
19635,0
37673,0
36596,0
2170,0
25454,0
36500,0
2815,0
20238,0
36549,0
1348,0
30602,0
14812,0
32207,0
33098,0
25141,0
37095,0
41503,0
33651,0
16611,0
34578,0
15627,0
1876,0
10964,0
14566,0
39097,0
3019,0
27761,0
10099,0
2248,0
15903,0
18307,0
16596,0
13170,0
13293,0
3500,0
33189,0
9444,0
20540,0
9883,0
21767,0
41671,0
34698,0
39426,0
7037,0
25958,0
18268,0
11708,0
12026,0
16094,0
44679,0
16160,0
13923,0
41121,0
32753,0
34557,0
34512,0
2381,0
7111,0
10193,0
17517,0
4582,0
12686,0
27453,0
3555,0
16701,0
33046,0
38306,0
28065,0
26993,0
43054,0
9443,0
24792,0
15346,0
33712,0
2088,0
35022,0
25075,0
29244,0
9905,0
23444,0
14990,0
5814,0
24288,0
514,0
41922,0
10999,0
13442,0
9394,0
30298,0
17733,0
12120,0
18122,0
1353,0
9133,0
20415,0
24525,0
15425,0
25862,0
12138,0
17095,0
22773,0
8235,0
26567,0
19123,0
11552,0
34849,0
910,0
41482,0
40266,0
9240,0
36182,0
4776,0
19410,0
13734,0
21216,0
683,0
30421,0
31673,0
16066,0
44097,0
2244,0
1779,0
3348,0
44289,0
24413,0
8024,0
2885,0
31692,0
31127,0
10861,0
19221,0
11837,0
35924,0
14438,0
22767,0
2749,0
13149,0
27060,0
26796,0
7396,0
40418,0
11851,0
10445,0
318,0
23900,0
41548,0
8773,0
40150,0
11841,0
44352,0
23937,0
25257,0
43880,0
32234,0
20726,0
29964,0
15229,0
36771,0
44725,0
27675,0
8062,0
22154,0
363,0
41888,0
43480,0
38125,0
34699,0
31037,0
36743,0
11917,0
4530,0
39661,0
17013,0
21335,0
13879,0
16140,0
38189,0
10552,0
5014,0
10390,0
19165,0
19791,0
39162,0
13497,0
29100,0
43849,0
555,0
5888,0
16557,0
15419,0
29768,0
35480,0
15188,0
5783,0
10658,0
34385,0
21259,0
12680,0
22970,0
17473,0
19556,0
20759,0
42113,0
16710,0
33414,0
35175,0
15309,0
34088,0
40260,0
10919,0
11964,0
35712,0
26607,0
39128,0
41008,0
16945,0
4185,0
12383,0
22812,0
19483,0
32623,0
19375,0
8666,0
22877,0
5335,0
27541,0
40331,0
39814,0
20695,0
33986,0
32108,0
34765,0
17008,0
27090,0
27074,0
8158,0
28524,0
11743,0
293,0
25192,0
14942,0
42504,0
3417,0
12774,0
3661,0
32478,0
20246,0
6064,0
24193,0
35310,0
27459,0
27700,0
28945,0
15648,0
27212,0
44753,0
38400,0
20622,0
6698,0
40651,0
44803,0
25131,0
34812,0
15746,0
9204,0
38974,0
31338,0
27525,0
20312,0
16699,0
39078,0
18529,0
44740,0
15273,0
10911,0
12323,0
31911,0
28799,0
205,0
34998,0
14952,0
19901,0
13751,0
16723,0
881,0
29078,0
20808,0
6393,0
18709,0
21361,0
40524,0
5366,0
6435,0
16502,0
37077,0
793,0
22855,0
18025,0
18308,0
17563,0
1565,0
40176,0
8728,0
35132,0
13292,0
15550,0
36747,0
44901,0
15829,0
15287,0
11549,0
31555,0
6799,0
43243,0
18300,0
8479,0
18717,0
43473,0
41921,0
2531,0
3251,0
20602,0
23315,0
39774,0
4203,0
35482,0
42128,0
11293,0
31708,0
17183,0
8200,0
13649,0
4043,0
38968,0
405,0
9818,0
43282,0
4079,0
30272,0
12844,0
29112,0
28185,0
2330,0
9192,0
214,0
28886,0
9946,0
14129,0
34100,0
24565,0
30819,0
41664,0
35696,0
40133,0
1660,0
10750,0
22412,0
11990,0
6622,0
16570,0
15608,0
2772,0
18948,0
36268,0
9959,0
44572,0
3875,0
18430,0
16317,0
5471,0
26286,0
36138,0
36574,0
41913,0
5313,0
31527,0
32584,0
20894,0
414,0
1216,0
8027,0
22593,0
40004,0
15713,0
25005,0
38831,0
44558,0
28091,0
42414,0
12251,0
38276,0
28726,0
2555,0
13858,0
7507,0
31674,0
24107,0
20982,0
4697,0
17499,0
14212,0
37914,0
7353,0
28629,0
4005,0
19773,0
34086,0
16999,0
34405,0
43248,0
40462,0
27654,0
31361,0
35323,0
44830,0
36543,0
30942,0
9641,0
32997,0
19336,0
16484,0
28579,0
31347,0
19126,0
20896,0
38911,0
18594,0
38212,0
38723,0
25574,0
43637,0
3262,0
21939,0
40884,0
8186,0
12966,0
23445,0
16165,0
14332,0
28325,0
9408,0
34418,0
33162,0
23073,0
22863,0
4100,0
1637,0
16200,0
39459,0
35046,0
40894,0
16529,0
45,0
22468,0
811,0
36636,0
19409,0
25495,0
1483,0
36768,0
36439,0
5027,0
44395,0
8510,0
805,0
8937,0
2709,0
15029,0
44621,0
34705,0
33475,0
37373,0
35336,0
41027,0
16806,0
6044,0
1606,0
30539,0
19335,0
6182,0
42686,0
21680,0
12979,0
22656,0
43443,0
13822,0
40777,0
7272,0
22658,0
28335,0
11685,0
38514,0
18274,0
20217,0
12970,0
184,0
19133,0
31833,0
16582,0
33457,0
9305,0
17591,0
31847,0
18908,0
36504,0
19086,0
11968,0
26484,0
7197,0
41402,0
11254,0
34927,0
11914,0
14921,0
20707,0
11128,0
32106,0
12944,0
32119,0
21334,0
14559,0
36276,0
5843,0
9556,0
8999,0
4414,0
35905,0
38791,0
36348,0
8923,0
14624,0
35050,0
13802,0
38241,0
29605,0
14338,0
13581,0
15117,0
17878,0
29637,0
12154,0
38191,0
39961,0
13023,0
13522,0
30893,0
33490,0
1801,0
33244,0
9203,0
5571,0
31013,0
12258,0
34833,0
9474,0
26512,0
35920,0
26671,0
16658,0
44327,0
35921,0
5838,0
22360,0
2713,0
24447,0
40972,0
2943,0
29912,0
21062,0
26009,0
38487,0
19285,0
37845,0
14927,0
14641,0
43894,0
17462,0
41343,0
18520,0
14919,0
24773,0
23001,0
29022,0
38954,0
35821,0
9774,0
13781,0
21695,0
22998,0
1864,0
6992,0
8954,0
42695,0
14871,0
15553,0
16099,0
14397,0
27360,0
17933,0
33545,0
3114,0
17721,0
6930,0
3571,0
28500,0
4551,0
15654,0
20458,0
10612,0
32432,0
31714,0
23465,0
12617,0
27124,0
24027,0
17578,0
8730,0
24041,0
24163,0
29167,0
38518,0
8577,0
4311,0
16597,0
14100,0
19931,0
30371,0
19210,0
25968,0
4142,0
19163,0
13422,0
35316,0
34253,0
23145,0
37276,0
12033,0
9160,0
24827,0
32670,0
44186,0
33345,0
18435,0
40082,0
8326,0
3921,0
33050,0
27182,0
36816,0
29218,0
40929,0
34198,0
26893,0
35202,0
10786,0
5242,0
7938,0
17898,0
34122,0
18530,0
9582,0
20106,0
37241,0
26940,0
17405,0
42050,0
24951,0
35824,0
33960,0
2890,0
323,0
23394,0
42842,0
37565,0
7743,0
41720,0
43195,0
44697,0
23438,0
42086,0
21268,0
34266,0
31500,0
12744,0
15513,0
38955,0
20054,0
24876,0
44123,0
22415,0
29006,0
27804,0
17303,0
18434,0
17162,0
26400,0
19200,0
9432,0
7072,0
8473,0
28341,0
7394,0
17176,0
7115,0
32739,0
39762,0
18457,0
19808,0
17962,0
30842,0
42122,0
12721,0
3768,0
5587,0
406,0
32210,0
29905,0
27169,0
25508,0
25885,0
14560,0
13680,0
16971,0
5612,0
15128,0
20055,0
1420,0
16241,0
12905,0
27376,0
40755,0
36127,0
34423,0
13604,0
16406,0
25661,0
36865,0
31329,0
30843,0
26063,0
5479,0
39752,0
17607,0
9197,0
28069,0
38622,0
4418,0
28144,0
39578,0
43691,0
17177,0
10478,0
15793,0
8272,0
26164,0
29938,0
17184,0
42479,0
9050,0
8688,0
12945,0
11220,0
24342,0
21145,0
14947,0
4489,0
3650,0
9175,0
28108,0
3906,0
19455,0
28453,0
36664,0
23166,0
1597,0
9710,0
13080,0
24457,0
12076,0
31657,0
36465,0
14188,0
17221,0
12685,0
2613,0
8997,0
31703,0
15119,0
26246,0
19188,0
9220,0
2322,0
38670,0
34521,0
20715,0
11474,0
16255,0
41541,0
16673,0
30496,0
19372,0
26383,0
28292,0
11812,0
35275,0
5051,0
37142,0
19710,0
23429,0
10945,0
9765,0
44535,0
16933,0
18203,0
30930,0
39265,0
32494,0
41862,0
6540,0
31209,0
31759,0
8382,0
4684,0
31014,0
43041,0
15364,0
9315,0
17477,0
44111,0
19802,0
20855,0
21005,0
44359,0
37029,0
10238,0
38908,0
12576,0
30153,0
18212,0
10180,0
29157,0
12412,0
22133,0
7213,0
3425,0
24880,0
34106,0
39659,0
13037,0
35632,0
1741,0
5411,0
8289,0
32092,0
9330,0
27342,0
18281,0
10092,0
16948,0
8476,0
19638,0
25689,0
2295,0
11533,0
33369,0
3769,0
13582,0
9630,0
26519,0
7064,0
35469,0
36641,0
40337,0
26034,0
34584,0
14791,0
33726,0
41858,0
3691,0
10905,0
5247,0
7391,0
32637,0
14503,0
2410,0
37471,0
37034,0
31679,0
36712,0
32287,0
24015,0
37308,0
11607,0
42453,0
43170,0
17258,0
30125,0
21812,0
7482,0
11746,0
31184,0
20035,0
39070,0
1944,0
32847,0
32835,0
32050,0
42889,0
14153,0
8221,0
10121,0
11890,0
28654,0
12904,0
22986,0
1657,0
18221,0
16315,0
16852,0
20388,0
6230,0
2181,0
27969,0
4749,0
16532,0
14593,0
592,0
16479,0
22883,0
20537,0
27990,0
21571,0
15190,0
24257,0
16761,0
7555,0
32545,0
2234,0
14529,0
11030,0
17452,0
16970,0
4398,0
7542,0
10086,0
10116,0
2812,0
446,0
44268,0
35111,0
29277,0
12430,0
22473,0
24569,0
42422,0
35501,0
6911,0
10976,0
19587,0
21645,0
31788,0
31738,0
30457,0
25736,0
11250,0
32205,0
32349,0
41135,0
32470,0
3574,0
11614,0
39791,0
7595,0
3539,0
17785,0
26053,0
11912,0
19862,0
14590,0
20141,0
24935,0
31532,0
8716,0
39937,0
18282,0
42053,0
7459,0
28413,0
1112,0
25591,0
17186,0
27586,0
7887,0
16911,0
14877,0
30936,0
10645,0
14280,0
42331,0
13155,0
35518,0
11921,0
17044,0
2428,0
11077,0
40860,0
5454,0
31802,0
38011,0
28045,0
2734,0
15582,0
13098,0
9349,0
43579,0
13576,0
32308,0
35979,0
28415,0
37009,0
6156,0
42171,0
15488,0
30750,0
5186,0
5978,0
34746,0
22755,0
41527,0
17152,0
5407,0
43394,0
42006,0
37870,0
25926,0
41896,0
5962,0
18552,0
39663,0
27041,0
40966,0
6784,0
23050,0
22852,0
41074,0
40614,0
12096,0
39622,0
14356,0
43820,0
1392,0
32963,0
22734,0
10777,0
17093,0
35685,0
27493,0
38850,0
8903,0
33663,0
21402,0
2906,0
42906,0
22478,0
22929,0
44898,0
15512,0
27992,0
39220,0
21497,0
11202,0
34478,0
4129,0
25510,0
2036,0
168,0
42383,0
14196,0
7471,0
31969,0
23098,0
1441,0
797,0
13356,0
32109,0
27747,0
1309,0
27796,0
3504,0
21784,0
22258,0
35767,0
43169,0
36760,0
33204,0
24378,0
5639,0
35601,0
38643,0
8712,0
7538,0
20190,0
29548,0
34798,0
7927,0
11132,0
37429,0
13261,0
21777,0
40869,0
20760,0
8818,0
4262,0
5546,0
34931,0
3743,0
27480,0
27537,0
4346,0
42841,0
9528,0
32845,0
13592,0
3778,0
37398,0
7940,0
7001,0
14239,0
41643,0
37234,0
19618,0
18967,0
33193,0
24495,0
28537,0
26587,0
23607,0
33362,0
39721,0
12212,0
33016,0
12704,0
3843,0
7083,0
35941,0
2130,0
2675,0
13494,0
16216,0
28919,0
33235,0
16791,0
17030,0
4852,0
18951,0
18174,0
7189,0
6019,0
32832,0
28211,0
26694,0
39921,0
35721,0
12872,0
40948,0
16881,0
37053,0
7227,0
2245,0
33704,0
16222,0
33890,0
35605,0
22605,0
7195,0
1429,0
41252,0
21424,0
62,0
20664,0
44424,0
22751,0
17742,0
21980,0
2108,0
18667,0
23738,0
10236,0
39214,0
848,0
19650,0
9404,0
34754,0
39754,0
1025,0
4223,0
27149,0
4743,0
10249,0
35422,0
39972,0
7951,0
41080,0
9166,0
34057,0
6418,0
1531,0
8944,0
37926,0
44919,0
19630,0
2043,0
38111,0
7347,0
7373,0
22733,0
10037,0
5969,0
36444,0
35656,0
14462,0
42039,0
17777,0
29032,0
27489,0
16646,0
27177,0
32151,0
6966,0
19272,0
13510,0
13779,0
16887,0
12549,0
30909,0
35199,0
39949,0
22046,0
22625,0
38730,0
29858,0
17488,0
34383,0
30606,0
44214,0
5204,0
13652,0
23492,0
30565,0
15127,0
33025,0
26621,0
2515,0
13573,0
1040,0
10166,0
1015,0
44288,0
5507,0
32509,0
33904,0
27227,0
37792,0
16443,0
9957,0
28174,0
8061,0
41852,0
987,0
10994,0
4557,0
30680,0
31698,0
33164,0
23974,0
32970,0
18270,0
8713,0
26761,0
27863,0
12418,0
7667,0
6714,0
1333,0
20644,0
24554,0
38287,0
30362,0
18405,0
37676,0
34515,0
11915,0
37652,0
42263,0
43145,0
29252,0
24280,0
20754,0
16253,0
42957,0
8692,0
11081,0
11076,0
35399,0
2871,0
10379,0
8578,0
35833,0
24906,0
28762,0
5103,0
31437,0
44461,0
24718,0
37562,0
10027,0
19981,0
24748,0
42978,0
39316,0
13765,0
20197,0
33517,0
42995,0
33250,0
38835,0
15186,0
1979,0
12403,0
7464,0
38605,0
11409,0
37744,0
16180,0
16013,0
5367,0
14346,0
22655,0
18260,0
5024,0
7092,0
18994,0
25573,0
27768,0
30028,0
7547,0
41906,0
9380,0
38472,0
40775,0
22601,0
23928,0
28571,0
31935,0
41293,0
38099,0
37480,0
19160,0
8704,0
34726,0
34038,0
2744,0
39732,0
688,0
38802,0
43514,0
30994,0
31092,0
37432,0
32350,0
13463,0
13647,0
26787,0
38195,0
29634,0
12528,0
36088,0
19036,0
4411,0
2200,0
11285,0
41156,0
35121,0
4035,0
8096,0
10435,0
9622,0
11349,0
30891,0
36813,0
9065,0
977,0
9504,0
9463,0
34499,0
27282,0
5513,0
2290,0
44557,0
24020,0
31395,0
4229,0
21,0
12736,0
17791,0
26367,0
9756,0
7922,0
25756,0
33588,0
44175,0
40065,0
41454,0
2929,0
6319,0
24618,0
37211,0
4303,0
10505,0
13096,0
37903,0
33633,0
36882,0
8247,0
44840,0
16775,0
20674,0
23589,0
27865,0
19248,0
20287,0
17662,0
3197,0
1287,0
16909,0
137,0
20138,0
12627,0
33910,0
44069,0
15885,0
39947,0
15557,0
25877,0
3831,0
106,0
40825,0
5127,0
4040,0
37671,0
25843,0
4027,0
32102,0
26630,0
1047,0
21246,0
10131,0
1194,0
28939,0
10807,0
7365,0
10066,0
42108,0
14275,0
9580,0
6469,0
5999,0
19068,0
30328,0
2084,0
16293,0
4459,0
30661,0
18328,0
23551,0
1825,0
34864,0
18292,0
26939,0
35043,0
322,0
25620,0
2719,0
8293,0
39308,0
18958,0
25796,0
33595,0
10854,0
18773,0
24844,0
28895,0
14378,0
1370,0
33652,0
25935,0
32906,0
18615,0
35854,0
36018,0
1829,0
35828,0
17726,0
5202,0
11571,0
2296,0
30670,0
22928,0
13683,0
43020,0
35251,0
31914,0
40307,0
41202,0
11484,0
1308,0
27846,0
29370,0
12833,0
3666,0
30981,0
40063,0
5527,0
21551,0
31247,0
4735,0
42786,0
28011,0
30119,0
30582,0
11510,0
11287,0
39608,0
41083,0
8100,0
31815,0
17814,0
23176,0
30702,0
13702,0
26731,0
4718,0
28871,0
37681,0
39945,0
23337,0
11217,0
25037,0
23975,0
2718,0
40538,0
17866,0
14423,0
10492,0
8005,0
18123,0
25592,0
23097,0
24248,0
1833,0
26994,0
10603,0
40062,0
13669,0
24927,0
7731,0
9535,0
17509,0
30294,0
22054,0
36339,0
3797,0
11087,0
24322,0
37667,0
16371,0
29520,0
29083,0
7615,0
20595,0
6749,0
39050,0
12100,0
40675,0
40752,0
15078,0
40075,0
7766,0
38124,0
11939,0
13793,0
27784,0
41910,0
25297,0
39375,0
20283,0
19110,0
42407,0
20241,0
37975,0
18266,0
22177,0
13175,0
17077,0
27208,0
7389,0
4277,0
41134,0
5735,0
22557,0
37692,0
17115,0
42220,0
2294,0
3821,0
8513,0
21066,0
9610,0
35687,0
13693,0
2000,0
19766,0
14681,0
14431,0
33284,0
33596,0
24962,0
19687,0
41009,0
32652,0
38159,0
37002,0
17094,0
7757,0
17953,0
23993,0
41508,0
3987,0
38491,0
226,0
5381,0
22113,0
29281,0
31699,0
42152,0
27787,0
13720,0
32305,0
35933,0
33311,0
35358,0
28339,0
31099,0
16040,0
29408,0
4136,0
25009,0
16700,0
15376,0
42052,0
9297,0
36027,0
17472,0
27908,0
36509,0
22565,0
16941,0
16892,0
36321,0
21026,0
33982,0
23069,0
19319,0
9981,0
19131,0
20379,0
25281,0
36089,0
36343,0
5466,0
33083,0
24811,0
4777,0
1393,0
8132,0
12696,0
2927,0
26441,0
3161,0
44223,0
44530,0
35203,0
16681,0
21341,0
8480,0
4882,0
6563,0
42446,0
31729,0
154,0
25028,0
3424,0
19447,0
40181,0
4647,0
30775,0
15351,0
20420,0
28175,0
30747,0
2242,0
7825,0
41890,0
25610,0
19040,0
35902,0
8535,0
37710,0
8622,0
19817,0
673,0
28369,0
25182,0
35170,0
12126,0
17678,0
33868,0
25572,0
3366,0
2285,0
19703,0
44892,0
18381,0
10638,0
10251,0
605,0
2908,0
29251,0
19383,0
27530,0
16027,0
22588,0
35733,0
14301,0
33581,0
28183,0
16294,0
31202,0
27474,0
42719,0
8746,0
2665,0
42704,0
36074,0
10839,0
23571,0
6579,0
25830,0
38437,0
30015,0
10179,0
14706,0
21825,0
14345,0
34032,0
21488,0
39337,0
22513,0
3578,0
17346,0
20024,0
21596,0
15618,0
23593,0
16322,0
2694,0
26450,0
44245,0
28124,0
36967,0
43899,0
32548,0
40500,0
782,0
22394,0
19823,0
40154,0
43102,0
17284,0
29531,0
12437,0
41569,0
21007,0
11654,0
40286,0
3160,0
22715,0
31370,0
34648,0
37341,0
3628,0
30469,0
18547,0
35097,0
43199,0
15835,0
26863,0
44849,0
42303,0
28976,0
35736,0
17821,0
32322,0
24478,0
21382,0
28843,0
18497,0
32574,0
9797,0
5093,0
16473,0
2407,0
32431,0
9146,0
19482,0
37319,0
19491,0
23153,0
41400,0
18575,0
5403,0
6282,0
44619,0
14758,0
14190,0
9224,0
19792,0
4654,0
41997,0
42822,0
19049,0
30779,0
30921,0
27415,0
6726,0
2609,0
21960,0
33051,0
16375,0
17330,0
23736,0
31045,0
4935,0
30032,0
20770,0
42537,0
22596,0
20086,0
31608,0
10676,0
43999,0
13125,0
10393,0
13393,0
24982,0
115,0
44136,0
10882,0
29072,0
38629,0
10485,0
14213,0
12031,0
30646,0
31132,0
43770,0
44954,0
12396,0
26791,0
30929,0
19392,0
41085,0
37917,0
35392,0
3312,0
34351,0
18763,0
38056,0
34453,0
11950,0
24701,0
14302,0
42641,0
17233,0
8296,0
19761,0
44742,0
26969,0
27036,0
38280,0
4524,0
28355,0
44314,0
31754,0
38598,0
8184,0
43961,0
6073,0
1340,0
37229,0
6619,0
23416,0
18114,0
31069,0
33728,0
24673,0
12608,0
11179,0
37032,0
5435,0
6446,0
31637,0
2160,0
40983,0
20983,0
29018,0
31603,0
44509,0
11252,0
29831,0
26472,0
15506,0
39164,0
17310,0
20851,0
19906,0
16485,0
9816,0
32174,0
11936,0
9181,0
20738,0
40160,0
11838,0
24369,0
35401,0
40853,0
71,0
10462,0
13250,0
37435,0
32902,0
10823,0
22646,0
26050,0
4360,0
17537,0
6879,0
17491,0
8342,0
17784,0
25516,0
18987,0
24523,0
19919,0
26832,0
36920,0
10606,0
24491,0
11770,0
31464,0
5706,0
35566,0
8220,0
3857,0
42223,0
15184,0
23930,0
12326,0
32643,0
26523,0
17025,0
19949,0
36149,0
16413,0
35375,0
38126,0
17579,0
31165,0
26181,0
20683,0
38452,0
5008,0
41601,0
28823,0
38636,0
40453,0
31574,0
20451,0
2996,0
36579,0
11326,0
31686,0
35678,0
42219,0
8413,0
5919,0
14276,0
12121,0
37254,0
17331,0
14773,0
13402,0
305,0
6168,0
27858,0
3403,0
34377,0
7198,0
31682,0
44301,0
35653,0
15498,0
39413,0
39244,0
38504,0
11547,0
15909,0
5477,0
36544,0
29275,0
2135,0
31028,0
13224,0
37794,0
37672,0
42825,0
15505,0
37724,0
14193,0
12585,0
42685,0
29582,0
38162,0
29869,0
4138,0
12605,0
29331,0
37212,0
21759,0
751,0
15074,0
30705,0
43035,0
15375,0
30492,0
17548,0
1460,0
11534,0
36788,0
13456,0
37751,0
26896,0
33752,0
7163,0
3703,0
6321,0
5798,0
31798,0
12623,0
32532,0
16668,0
22012,0
3372,0
40514,0
23113,0
34224,0
18464,0
43932,0
18840,0
32019,0
13375,0
4648,0
4365,0
22631,0
24005,0
31339,0
36075,0
2485,0
41216,0
33327,0
9229,0
5383,0
7914,0
6979,0
3475,0
33064,0
37761,0
5902,0
26038,0
27171,0
33409,0
7003,0
3779,0
39477,0
26666,0
24416,0
24475,0
39614,0
37708,0
17260,0
21252,0
28675,0
12972,0
11269,0
25790,0
13215,0
2189,0
12312,0
27298,0
10018,0
2035,0
29627,0
11982,0
31505,0
41914,0
33177,0
27336,0
23105,0
33649,0
42043,0
42135,0
26920,0
44971,0
30151,0
17466,0
22797,0
20057,0
9359,0
15921,0
15063,0
4066,0
2874,0
10010,0
7027,0
36556,0
38530,0
13469,0
18677,0
17142,0
18618,0
41793,0
20601,0
26036,0
35838,0
44633,0
2423,0
25714,0
40434,0
3510,0
27113,0
22008,0
44169,0
26926,0
22130,0
20606,0
11511,0
8742,0
14974,0
34002,0
27462,0
39028,0
14027,0
20882,0
19700,0
14962,0
244,0
9674,0
30376,0
16477,0
29990,0
22507,0
32032,0
26986,0
29948,0
28125,0
34472,0
14856,0
2176,0
14510,0
27166,0
35459,0
15272,0
1764,0
39904,0
9381,0
5307,0
44761,0
44237,0
37932,0
44703,0
26071,0
33433,0
36235,0
2727,0
34015,0
6339,0
43295,0
35527,0
13081,0
17858,0
36283,0
39592,0
16252,0
16426,0
43343,0
34073,0
31190,0
4836,0
5583,0
21941,0
6825,0
19785,0
36554,0
20380,0
38177,0
38834,0
2378,0
453,0
33316,0
6663,0
26596,0
14536,0
14485,0
21951,0
25562,0
42814,0
23696,0
30911,0
9595,0
277,0
24722,0
40709,0
20400,0
6901,0
16080,0
1168,0
38130,0
24644,0
18418,0
4416,0
29493,0
13947,0
42141,0
32814,0
16779,0
26669,0
15959,0
6218,0
16959,0
41395,0
9145,0
13116,0
21452,0
34462,0
4135,0
11393,0
21757,0
35670,0
43623,0
31308,0
34577,0
43326,0
21384,0
7884,0
44680,0
23833,0
3234,0
37433,0
37258,0
7999,0
28535,0
5713,0
9077,0
18767,0
26904,0
17072,0
29707,0
9902,0
13679,0
42946,0
16863,0
40191,0
10417,0
10866,0
44423,0
36333,0
14561,0
19297,0
8268,0
22229,0
21691,0
24946,0
34297,0
25666,0
31588,0
36391,0
17964,0
25331,0
39207,0
37120,0
27693,0
9831,0
22215,0
41857,0
20103,0
37873,0
44631,0
7193,0
16176,0
18324,0
42799,0
2957,0
13064,0
35984,0
13704,0
34757,0
16584,0
25836,0
22693,0
7332,0
290,0
21065,0
22590,0
11184,0
43134,0
25893,0
386,0
3213,0
13676,0
44426,0
22255,0
37798,0
35983,0
15234,0
39058,0
42005,0
14432,0
41325,0
2826,0
33888,0
25387,0
23202,0
26002,0
17675,0
33853,0
15542,0
7297,0
26148,0
11561,0
1034,0
28667,0
37328,0
30671,0
12536,0
42030,0
4052,0
16813,0
42436,0
18647,0
2158,0
33627,0
12250,0
44759,0
43958,0
21490,0
29863,0
37657,0
5604,0
20605,0
5698,0
44053,0
23919,0
42281,0
33031,0
16860,0
8842,0
25437,0
6300,0
16543,0
15596,0
3420,0
23260,0
300,0
42652,0
22314,0
10097,0
22003,0
39098,0
35692,0
58,0
33377,0
40499,0
37696,0
34570,0
35724,0
20758,0
14143,0
14298,0
587,0
40327,0
25584,0
4677,0
30857,0
310,0
12254,0
9279,0
40436,0
42161,0
7609,0
33600,0
22895,0
32762,0
42735,0
37504,0
39106,0
35849,0
41884,0
42073,0
5787,0
1469,0
33157,0
34287,0
44555,0
19951,0
12719,0
30484,0
21997,0
36718,0
36895,0
12140,0
3690,0
11577,0
27128,0
31495,0
33882,0
34824,0
10904,0
10530,0
30124,0
6730,0
11288,0
32884,0
5222,0
8025,0
35213,0
3760,0
20633,0
34983,0
22838,0
39727,0
14034,0
43257,0
32890,0
6061,0
4494,0
34605,0
34982,0
20530,0
2066,0
9056,0
4326,0
2162,0
17360,0
89,0
43128,0
8417,0
35545,0
39577,0
36255,0
1562,0
32096,0
31816,0
15428,0
25402,0
22690,0
28464,0
17057,0
31508,0
25534,0
37809,0
32339,0
1481,0
14642,0
25811,0
17144,0
26197,0
16465,0
13418,0
43648,0
5886,0
11835,0
35187,0
29023,0
15642,0
17127,0
18910,0
914,0
42074,0
43164,0
9513,0
33727,0
36151,0
3501,0
20730,0
30313,0
10336,0
37778,0
24952,0
6000,0
7646,0
27403,0
24732,0
26,0
311,0
21207,0
24277,0
484,0
8286,0
1585,0
25827,0
12342,0
16506,0
40979,0
19816,0
19926,0
18684,0
38516,0
25422,0
26149,0
33014,0
20731,0
21089,0
18294,0
42598,0
6910,0
36464,0
4536,0
41378,0
33683,0
4971,0
13715,0
36959,0
11496,0
19619,0
7556,0
41734,0
21836,0
5215,0
9348,0
6718,0
7317,0
9457,0
6263,0
13811,0
37949,0
7908,0
15152,0
21984,0
9371,0
25806,0
40778,0
23821,0
31947,0
20962,0
2037,0
37379,0
44194,0
14682,0
41292,0
7893,0
40746,0
26839,0
42210,0
40127,0
10246,0
35037,0
1492,0
17585,0
33810,0
14039,0
3757,0
24939,0
18889,0
25839,0
40708,0
21348,0
12226,0
2803,0
17987,0
42887,0
27259,0
1159,0
35322,0
24307,0
15524,0
30222,0
2317,0
15472,0
4601,0
138,0
27881,0
2631,0
27531,0
29395,0
23479,0
2660,0
20013,0
38468,0
37281,0
42891,0
38923,0
33637,0
10536,0
15433,0
31377,0
40603,0
39490,0
35011,0
30808,0
35232,0
34123,0
8676,0
23060,0
40794,0
33240,0
8844,0
28096,0
39113,0
14352,0
6199,0
5026,0
1646,0
10528,0
3678,0
6026,0
25951,0
42944,0
29495,0
34425,0
41434,0
10757,0
43425,0
4110,0
17554,0
12184,0
16153,0
25424,0
14954,0
28414,0
30145,0
40723,0
19679,0
4907,0
31504,0
30485,0
9430,0
20328,0
18165,0
34732,0
17266,0
651,0
44859,0
12615,0
24100,0
1482,0
25494,0
19226,0
20496,0
21442,0
20220,0
42277,0
29148,0
33961,0
31997,0
15455,0
31074,0
16209,0
20300,0
36344,0
6899,0
21625,0
8735,0
43533,0
15164,0
10197,0
21752,0
36150,0
11358,0
33510,0
18928,0
27147,0
26848,0
24802,0
10196,0
29827,0
26865,0
21057,0
35985,0
22727,0
34764,0
20107,0
43998,0
36648,0
43332,0
6326,0
18474,0
6294,0
43213,0
36215,0
6503,0
33145,0
12405,0
13536,0
37072,0
21433,0
6456,0
31241,0
41315,0
5773,0
8985,0
42272,0
39607,0
7720,0
11629,0
7599,0
26159,0
19502,0
5090,0
42821,0
21558,0
43917,0
9110,0
15103,0
20755,0
28950,0
24083,0
20002,0
33821,0
10400,0
37388,0
21409,0
6855,0
1070,0
27649,0
14167,0
6757,0
36367,0
25326,0
26951,0
1843,0
16002,0
42689,0
21464,0
32212,0
18063,0
37846,0
28599,0
26613,0
540,0
27213,0
12647,0
15281,0
3309,0
30644,0
25014,0
8243,0
185,0
31993,0
30199,0
7675,0
7158,0
6305,0
2,0
17126,0
17645,0
2530,0
39297,0
956,0
1086,0
7290,0
27240,0
28625,0
15972,0
35155,0
17038,0
36941,0
42639,0
25536,0
44200,0
33586,0
27723,0
34861,0
4869,0
39722,0
38683,0
15853,0
5855,0
3371,0
15257,0
35059,0
19170,0
39964,0
42270,0
13027,0
13407,0
10832,0
14507,0
2076,0
40492,0
39510,0
7352,0
15974,0
4599,0
30400,0
34792,0
35003,0
10104,0
19534,0
1198,0
28513,0
4887,0
19032,0
18651,0
23187,0
24976,0
26065,0
14445,0
25176,0
44793,0
1037,0
42844,0
32937,0
7178,0
31020,0
38738,0
16972,0
32171,0
25493,0
1220,0
34650,0
25240,0
21977,0
6756,0
27542,0
44112,0
25031,0
14269,0
31017,0
41837,0
38698,0
25502,0
19196,0
18778,0
1510,0
1486,0
17201,0
22020,0
9548,0
28587,0
22052,0
25785,0
25871,0
7967,0
41204,0
8014,0
34680,0
23462,0
40005,0
5953,0
28387,0
176,0
11674,0
18230,0
14483,0
6009,0
10935,0
24499,0
29697,0
23403,0
27959,0
25545,0
5495,0
15204,0
23938,0
35471,0
9058,0
24333,0
31868,0
29274,0
27624,0
3428,0
34959,0
28751,0
34054,0
5689,0
15674,0
14543,0
9372,0
31942,0
26601,0
31485,0
10322,0
11813,0
25036,0
1327,0
35086,0
43100,0
36731,0
6657,0
26064,0
30372,0
36845,0
32733,0
43888,0
2879,0
39288,0
7073,0
8164,0
23433,0
24210,0
37698,0
9401,0
1005,0
3026,0
21885,0
7817,0
32857,0
24400,0
4781,0
33317,0
23899,0
35220,0
16955,0
3837,0
7408,0
5311,0
22898,0
38330,0
9787,0
42012,0
35909,0
4710,0
28227,0
20517,0
16432,0
2953,0
25846,0
22381,0
42358,0
2319,0
4165,0
14664,0
11590,0
25077,0
20026,0
22888,0
17282,0
42529,0
40535,0
13564,0
1422,0
23562,0
37010,0
31655,0
21844,0
3971,0
1116,0
2018,0
6522,0
9428,0
35091,0
24393,0
28870,0
1219,0
26529,0
3380,0
4808,0
7180,0
29389,0
31521,0
40660,0
19661,0
40410,0
3791,0
1336,0
2071,0
32547,0
24851,0
33911,0
36130,0
42249,0
22958,0
6858,0
9164,0
5310,0
31867,0
41700,0
29942,0
3377,0
31065,0
5370,0
29060,0
39933,0
30220,0
41485,0
7181,0
16631,0
9172,0
25927,0
27248,0
35836,0
11715,0
41396,0
14656,0
1283,0
11652,0
3369,0
8955,0
19979,0
8267,0
18113,0
6601,0
2778,0
6043,0
3868,0
3010,0
13303,0
40797,0
12132,0
30916,0
41319,0
19986,0
35616,0
3410,0
18712,0
4462,0
27803,0
23809,0
42147,0
24352,0
6544,0
9500,0
13251,0
16832,0
38671,0
38600,0
27003,0
44145,0
8986,0
42612,0
28628,0
43744,0
5588,0
8744,0
1238,0
31767,0
31403,0
30961,0
42360,0
30066,0
25711,0
8167,0
20117,0
16472,0
32492,0
34997,0
17354,0
35746,0
21358,0
31221,0
37187,0
18413,0
6808,0
18912,0
12187,0
9941,0
8452,0
34628,0
3853,0
31808,0
1362,0
10721,0
23708,0
32226,0
15104,0
4638,0
9735,0
10007,0
303,0
14443,0
431,0
3759,0
36519,0
11833,0
39975,0
22829,0
23926,0
44232,0
43516,0
39224,0
39787,0
24710,0
7147,0
12232,0
29322,0
7872,0
20047,0
11390,0
34081,0
36907,0
11075,0
9162,0
14874,0
35398,0
14371,0
31812,0
5767,0
22252,0
41429,0
313,0
5899,0
38076,0
31597,0
3294,0
7047,0
44751,0
22546,0
28980,0
7343,0
26870,0
30943,0
4989,0
699,0
10576,0
23914,0
15545,0
27232,0
13271,0
5563,0
4653,0
5091,0
40068,0
1099,0
24615,0
12284,0
5224,0
43316,0
16796,0
1087,0
21934,0
29750,0
40438,0
16992,0
11785,0
23102,0
24265,0
40646,0
959,0
15519,0
11394,0
10293,0
43439,0
11816,0
28668,0
9236,0
7216,0
18888,0
41651,0
6811,0
20843,0
20353,0
18785,0
9863,0
10644,0
27713,0
22849,0
34725,0
13939,0
4428,0
40852,0
43769,0
18843,0
37753,0
16695,0
4514,0
8759,0
13551,0
38736,0
38470,0
35594,0
24154,0
10002,0
18277,0
18494,0
14246,0
1230,0
11503,0
31481,0
9218,0
15193,0
21078,0
13090,0
44986,0
22247,0
25308,0
16561,0
6851,0
29451,0
33684,0
20188,0
42526,0
6289,0
17014,0
24924,0
20092,0
10865,0
5754,0
28390,0
18540,0
12890,0
30862,0
44491,0
1379,0
16348,0
15206,0
36202,0
25929,0
1098,0
22922,0
19083,0
16144,0
36575,0
34326,0
12619,0
35528,0
27733,0
37838,0
27957,0
41439,0
33702,0
13656,0
33912,0
7972,0
4738,0
6483,0
12494,0
3866,0
43852,0
17766,0
33979,0
16290,0
4686,0
24578,0
33458,0
6610,0
3073,0
2140,0
30287,0
23878,0
17524,0
19989,0
40276,0
24096,0
43031,0
13449,0
34430,0
4704,0
21986,0
13694,0
35319,0
23915,0
43706,0
15686,0
8433,0
9017,0
15521,0
23075,0
5135,0
36912,0
20847,0
3349,0
28879,0
14478,0
10842,0
14436,0
30427,0
36739,0
8042,0
4842,0
202,0
17788,0
6793,0
18201,0
19801,0
21832,0
43258,0
8226,0
19207,0
22890,0
10352,0
1476,0
13086,0
41680,0
41353,0
13841,0
19754,0
2438,0
1455,0
22320,0
44613,0
1337,0
25230,0
33900,0
15286,0
14743,0
26376,0
10520,0
10981,0
24462,0
2396,0
28527,0
40243,0
10128,0
38312,0
42462,0
7813,0
6298,0
24405,0
21791,0
31021,0
25669,0
8036,0
14829,0
12276,0
16655,0
6562,0
25168,0
36974,0
36133,0
28644,0
15837,0
7245,0
42437,0
3143,0
25359,0
31774,0
27571,0
15765,0
36052,0
360,0
6796,0
26236,0
16757,0
21527,0
33041,0
7392,0
19092,0
18525,0
7677,0
40059,0
19779,0
38574,0
4757,0
14056,0
12812,0
29784,0
40048,0
34292,0
39472,0
36796,0
23601,0
28048,0
41324,0
7586,0
19583,0
15645,0
27073,0
27109,0
42928,0
15086,0
25853,0
30905,0
3643,0
13641,0
35557,0
27644,0
14903,0
21919,0
3947,0
24456,0
34040,0
9649,0
16471,0
22861,0
1256,0
10035,0
203,0
6972,0
43333,0
19356,0
6905,0
9072,0
6344,0
24657,0
19365,0
17084,0
30172,0
14089,0
7651,0
19203,0
37889,0
14740,0
7289,0
26087,0
40774,0
14040,0
24243,0
34171,0
28033,0
34047,0
39129,0
20732,0
27054,0
35429,0
14986,0
1211,0
27163,0
36160,0
29286,0
38655,0
20316,0
3110,0
34222,0
18774,0
14260,0
11868,0
31721,0
18249,0
34205,0
4919,0
18236,0
43268,0
32209,0
25254,0
33786,0
3434,0
7402,0
24377,0
3525,0
36229,0
30235,0
36070,0
13001,0
32208,0
3677,0
17041,0
31142,0
29724,0
20410,0
6598,0
24535,0
16360,0
15721,0
37575,0
42785,0
16434,0
44218,0
30462,0
5057,0
4769,0
12632,0
44876,0
25018,0
6595,0
41696,0
390,0
39862,0
26476,0
13757,0
16192,0
1736,0
38334,0
32653,0
43959,0
41367,0
13631,0
38408,0
15552,0
37024,0
37372,0
18021,0
33361,0
20411,0
25143,0
12461,0
39153,0
5802,0
22498,0
34807,0
44968,0
34147,0
6800,0
30956,0
32779,0
24097,0
1668,0
19177,0
30570,0
22146,0
1624,0
35015,0
6120,0
723,0
19095,0
22678,0
38552,0
43273,0
32242,0
15574,0
31103,0
4652,0
26187,0
34444,0
9913,0
31535,0
21614,0
12369,0
34738,0
17434,0
1076,0
13968,0
11126,0
14303,0
31651,0
1235,0
19060,0
4120,0
1264,0
965,0
4965,0
36589,0
14542,0
11304,0
23379,0
35495,0
38658,0
31764,0
5033,0
17959,0
26996,0
2106,0
4559,0
41623,0
29771,0
29378,0
43325,0
36925,0
12810,0
2960,0
9093,0
23074,0
9130,0
24250,0
30379,0
1558,0
17843,0
14347,0
31725,0
10479,0
26592,0
36809,0
42755,0
36407,0
30902,0
35664,0
245,0
33503,0
37506,0
34720,0
19492,0
31351,0
44257,0
9742,0
40152,0
28462,0
2172,0
27099,0
23143,0
5682,0
13988,0
19928,0
39345,0
14650,0
40830,0
17420,0
6485,0
18253,0
962,0
14326,0
14471,0
5972,0
8680,0
39992,0
22508,0
10894,0
204,0
24213,0
39273,0
8332,0
15886,0
31478,0
19743,0
41200,0
7724,0
23746,0
36610,0
13588,0
5812,0
24726,0
41456,0
2492,0
21241,0
17855,0
31203,0
16623,0
3465,0
33435,0
8710,0
41915,0
31373,0
30382,0
1587,0
13875,0
35205,0
43218,0
42943,0
13927,0
43544,0
17951,0
35114,0
15462,0
18194,0
19533,0
2842,0
40729,0
41213,0
8601,0
1321,0
13462,0
33803,0
13803,0
39264,0
3506,0
39557,0
7366,0
10094,0
35866,0
22055,0
24994,0
16383,0
33335,0
7673,0
30064,0
39330,0
16760,0
11124,0
32717,0
8415,0
38610,0
13700,0
1203,0
44881,0
5157,0
4166,0
16788,0
35078,0
3485,0
30663,0
12037,0
10028,0
35699,0
24399,0
16722,0
34014,0
43431,0
17764,0
13216,0
37986,0
25780,0
18089,0
27813,0
5765,0
12650,0
35978,0
17625,0
30044,0
25234,0
18944,0
42064,0
23979,0
34814,0
29767,0
5413,0
44622,0
18429,0
17398,0
1844,0
37345,0
34666,0
28885,0
30158,0
15470,0
15006,0
13058,0
32697,0
11386,0
4759,0
40622,0
7302,0
14249,0
11856,0
2847,0
37354,0
26285,0
41339,0
20260,0
3063,0
25589,0
7635,0
44720,0
11663,0
15459,0
34943,0
15599,0
15771,0
6325,0
39794,0
23225,0
35768,0
32938,0
41945,0
35640,0
33175,0
43245,0
17985,0
44501,0
14718,0
16944,0
1576,0
2990,0
14567,0
10575,0
17312,0
5776,0
41500,0
11820,0
27570,0
18030,0
5993,0
37542,0
18442,0
12734,0
28149,0
40458,0
21758,0
29819,0
19669,0
16728,0
41650,0
8528,0
10806,0
23535,0
29282,0
666,0
6072,0
22579,0
8490,0
43678,0
4291,0
30547,0
20281,0
14959,0
27016,0
4283,0
10747,0
15356,0
28173,0
34343,0
13597,0
15294,0
14521,0
34750,0
23127,0
7749,0
33664,0
36097,0
10345,0
35689,0
16034,0
35391,0
29113,0
6528,0
44363,0
36100,0
18640,0
22211,0
28451,0
27071,0
8920,0
16540,0
36918,0
27384,0
21537,0
44011,0
41973,0
2542,0
21104,0
43935,0
42855,0
44499,0
19821,0
37402,0
23360,0
4565,0
26683,0
13,0
40365,0
14173,0
35998,0
21239,0
32120,0
42830,0
19106,0
22299,0
4490,0
14712,0
4928,0
29303,0
21624,0
23161,0
31726,0
30052,0
18899,0
9806,0
14923,0
27550,0
18026,0
4500,0
11505,0
38503,0
10671,0
13610,0
19117,0
16429,0
6207,0
42483,0
24014,0
24346,0
42727,0
28215,0
8838,0
20631,0
37285,0
26359,0
11104,0
16633,0
36466,0
13575,0
34023,0
39579,0
43029,0
38828,0
5610,0
33787,0
31797,0
44373,0
26232,0
40457,0
8826,0
22610,0
38864,0
1268,0
1406,0
24672,0
22634,0
4540,0
9617,0
6742,0
34427,0
3826,0
20306,0
11720,0
32766,0
39843,0
3124,0
1435,0
19723,0
13288,0
27133,0
31378,0
22810,0
20391,0
33035,0
40072,0
35882,0
26110,0
34829,0
6940,0
23817,0
13981,0
9870,0
42984,0
18823,0
8026,0
38846,0
8287,0
2549,0
23554,0
9511,0
13434,0
18495,0
24426,0
26745,0
25369,0
4421,0
17882,0
28955,0
2477,0
14117,0
3949,0
19876,0
4445,0
5658,0
30288,0
3217,0
32760,0
33809,0
40003,0
20739,0
19219,0
19488,0
9773,0
28716,0
18047,0
44815,0
41748,0
13160,0
16957,0
26310,0
34437,0
43395,0
32774,0
30439,0
20423,0
2323,0
7655,0
29404,0
5782,0
1923,0
3448,0
32329,0
13917,0
620,0
22250,0
10563,0
43056,0
4449,0
27210,0
23592,0
8307,0
21217,0
19956,0
18693,0
36460,0
18003,0
26341,0
31984,0
26963,0
33002,0
13518,0
17523,0
43111,0
10082,0
37952,0
42667,0
19760,0
17921,0
4752,0
30486,0
43906,0
12982,0
40020,0
6179,0
42040,0
6652,0
40474,0
39270,0
7701,0
1388,0
30391,0
2277,0
8245,0
2022,0
31980,0
22870,0
35792,0
26473,0
24435,0
34327,0
18662,0
23400,0
42767,0
34691,0
29149,0
10748,0
5870,0
20479,0
38696,0
37566,0
27441,0
16802,0
25953,0
20638,0
3519,0
27682,0
13926,0
15100,0
21087,0
38893,0
4695,0
34082,0
20069,0
28909,0
10484,0
17189,0
43390,0
42029,0
22202,0
38350,0
20685,0
13979,0
1611,0
34872,0
1130,0
3039,0
21261,0
36615,0
28791,0
1000,0
36044,0
28499,0
23184,0
12350,0
15839,0
16456,0
21072,0
35324,0
8282,0
5118,0
41049,0
41618,0
16088,0
7038,0
33176,0
19437,0
28696,0
41195,0
12054,0
37601,0
14385,0
30459,0
5035,0
5699,0
30754,0
33056,0
39208,0
28317,0
22847,0
16932,0
17022,0
9842,0
30541,0
3568,0
35860,0
37286,0
44455,0
30431,0
15928,0
11025,0
42963,0
24071,0
17363,0
597,0
3659,0
20828,0
28589,0
17869,0
35268,0
29517,0
15779,0
1664,0
28959,0
28742,0
9778,0
17536,0
1910,0
27595,0
38097,0
44857,0
29278,0
19803,0
20244,0
14863,0
3844,0
14043,0
14886,0
10766,0
36733,0
11303,0
15612,0
32888,0
1756,0
12125,0
34163,0
4622,0
21484,0
32657,0
1681,0
20475,0
36337,0
32883,0
23865,0
41240,0
18466,0
38904,0
522,0
11201,0
40888,0
22199,0
2870,0
20401,0
38070,0
21543,0
36658,0
39766,0
11803,0
4206,0
29140,0
4234,0
22988,0
25154,0
36345,0
2595,0
3250,0
19742,0
37086,0
11777,0
14079,0
77,0
17716,0
7190,0
39736,0
33472,0
4280,0
37092,0
971,0
34505,0
719,0
12108,0
34277,0
14563,0
1683,0
22081,0
20059,0
24001,0
34528,0
11413,0
13832,0
27037,0
1783,0
20600,0
28296,0
19790,0
22659,0
42931,0
1110,0
1916,0
29095,0
27924,0
235,0
43740,0
34433,0
2351,0
32974,0
24766,0
42563,0
6554,0
19746,0
22470,0
36080,0
34801,0
6292,0
44763,0
6355,0
43567,0
6892,0
5171,0
41048,0
10075,0
16014,0
21255,0
41070,0
39524,0
31491,0
1649,0
1543,0
21357,0
1739,0
17526,0
17141,0
21533,0
11550,0
33230,0
7661,0
38579,0
32264,0
30336,0
33155,0
35473,0
31396,0
20405,0
44737,0
1467,0
17341,0
24884,0
26742,0
30425,0
7277,0
16303,0
32833,0
29789,0
12997,0
39788,0
22351,0
19215,0
218,0
14516,0
29971,0
4997,0
7674,0
4986,0
44867,0
8398,0
11518,0
31058,0
3433,0
32575,0
33902,0
20767,0
41126,0
29091,0
286,0
1071,0
16676,0
43060,0
26272,0
19396,0
16705,0
34597,0
16316,0
33383,0
12931,0
11956,0
40850,0
13399,0
42066,0
37742,0
18224,0
39036,0
28565,0
44309,0
6209,0
3662,0
8313,0
27552,0
13711,0
31320,0
36015,0
34647,0
18791,0
40174,0
85,0
27835,0
32688,0
23342,0
41697,0
12547,0
32493,0
10418,0
14344,0
33439,0
7591,0
40057,0
10105,0
41119,0
37351,0
40728,0
22294,0
24390,0
27854,0
42084,0
26366,0
37451,0
12776,0
35992,0
12463,0
7078,0
9322,0
24902,0
30965,0
35188,0
40512,0
2586,0
40886,0
23678,0
9621,0
20906,0
10863,0
18935,0
29468,0
23936,0
19725,0
33257,0
26543,0
21271,0
24543,0
27184,0
19942,0
42196,0
1892,0
14170,0
31755,0
1830,0
3680,0
34446,0
20834,0
5248,0
12015,0
16091,0
41540,0
10550,0
32622,0
11400,0
17950,0
41193,0
125,0
8306,0
14615,0
11931,0
31133,0
36206,0
33806,0
16914,0
3436,0
41521,0
36057,0
25486,0
20182,0
1568,0
2915,0
6934,0
42982,0
30495,0
24639,0
13118,0
20569,0
32586,0
23,0
19145,0
31260,0
11194,0
12765,0
27333,0
25452,0
38321,0
31055,0
10656,0
41047,0
8603,0
7974,0
1072,0
21223,0
34004,0
20295,0
34823,0
31113,0
5941,0
10979,0
34808,0
37650,0
42178,0
20265,0
23881,0
22335,0
14386,0
2512,0
37661,0
38562,0
21725,0
42621,0
43046,0
37613,0
1306,0
38180,0
43616,0
5021,0
38861,0
17088,0
42554,0
27987,0
26021,0
10957,0
30848,0
26673,0
20500,0
7331,0
10448,0
8889,0
6627,0
44921,0
44852,0
40001,0
6014,0
28472,0
18612,0
19305,0
6846,0
12392,0
8023,0
30196,0
3116,0
26668,0
43807,0
12677,0
3934,0
10967,0
10960,0
31934,0
39339,0
8942,0
7917,0
1874,0
39525,0
5065,0
42778,0
18487,0
23392,0
8951,0
10752,0
21413,0
38806,0
4936,0
25478,0
43914,0
38273,0
29353,0
12116,0
42252,0
41327,0
37449,0
41610,0
19535,0
7827,0
30177,0
38820,0
24197,0
18098,0
1630,0
19144,0
11507,0
34964,0
17495,0
30748,0
6162,0
43403,0
44769,0
13873,0
42146,0
31360,0
3528,0
31365,0
30701,0
14501,0
44121,0
9724,0
26357,0
40968,0
2164,0
13760,0
30256,0
36737,0
14320,0
40957,0
17101,0
22236,0
43722,0
40145,0
38397,0
37477,0
15049,0
39061,0
35551,0
38739,0
13436,0
29302,0
18795,0
29728,0
43634,0
26351,0
43635,0
12204,0
8672,0
36034,0
21157,0
23229,0
30150,0
18269,0
20584,0
36819,0
32754,0
39927,0
27399,0
40819,0
32166,0
23693,0
42915,0
295,0
15866,0
37056,0
780,0
2086,0
24157,0
32121,0
29405,0
26784,0
37507,0
44629,0
19057,0
41683,0
40585,0
25312,0
3808,0
21529,0
31406,0
17782,0
35432,0
1344,0
39594,0
22642,0
28709,0
12004,0
30744,0
30687,0
17406,0
24697,0
38669,0
12813,0
28529,0
503,0
24865,0
29805,0
754,0
42509,0
10732,0
42885,0
15720,0
29364,0
3013,0
14185,0
6001,0
25130,0
8831,0
25682,0
42593,0
27816,0
34219,0
35269,0
35615,0
33348,0
2559,0
23072,0
221,0
13009,0
12828,0
22439,0
36446,0
262,0
42350,0
41874,0
35655,0
32886,0
37933,0
16336,0
1740,0
9663,0
43593,0
5274,0
34230,0
17248,0
29365,0
3590,0
4883,0
21766,0
37524,0
5529,0
21023,0
19504,0
16228,0
10188,0
33789,0
22305,0
20460,0
15970,0
25242,0
40526,0
41455,0
4020,0
35102,0
23230,0
9438,0
3311,0
3108,0
40763,0
21376,0
20833,0
23835,0
4918,0
25255,0
44027,0
28768,0
30453,0
4611,0
36643,0
34901,0
29922,0
6478,0
33620,0
13007,0
39373,0
8419,0
31954,0
40673,0
5524,0
25737,0
5101,0
22489,0
8371,0
1083,0
38445,0
28342,0
34630,0
5262,0
33372,0
3626,0
34595,0
14518,0
10219,0
36552,0
20838,0
44808,0
15766,0
26934,0
10859,0
26634,0
28467,0
23119,0
25457,0
459,0
41925,0
43487,0
40624,0
35635,0
39808,0
36190,0
28621,0
29200,0
36875,0
9951,0
4300,0
15884,0
41830,0
37333,0
35599,0
41380,0
14150,0
31265,0
8409,0
3847,0
12857,0
20258,0
31429,0
25822,0
23401,0
31389,0
32640,0
17637,0
31029,0
6553,0
19706,0
32566,0
12480,0
24343,0
29936,0
16740,0
6130,0
35799,0
5267,0
37888,0
20948,0
23581,0
26679,0
17255,0
16544,0
18604,0
28234,0
24850,0
22318,0
22206,0
12958,0
13865,0
6171,0
11461,0
41398,0
13405,0
41420,0
25059,0
44015,0
20594,0
866,0
30620,0
9020,0
42381,0
6269,0
2848,0
30659,0
24551,0
20613,0
4053,0
13665,0
5271,0
25469,0
33352,0
32146,0
27383,0
33112,0
2851,0
6616,0
25049,0
10132,0
33085,0
1142,0
21412,0
36791,0
29518,0
38905,0
20321,0
39761,0
33229,0
4150,0
36247,0
9887,0
28207,0
32140,0
9869,0
26350,0
11308,0
43731,0
6703,0
33228,0
22872,0
31943,0
4095,0
7291,0
37100,0
28244,0
40250,0
17681,0
30983,0
15473,0
38490,0
22981,0
29849,0
33404,0
13787,0
21684,0
18504,0
29604,0
24147,0
33629,0
12353,0
9213,0
18031,0
29255,0
22770,0
11814,0
14402,0
36587,0
40606,0
6834,0
18143,0
6334,0
18447,0
40245,0
22600,0
12893,0
18955,0
10403,0
21859,0
10521,0
31315,0
19359,0
27614,0
7860,0
24698,0
16665,0
4169,0
38608,0
22327,0
43360,0
35667,0
35490,0
31292,0
16636,0
36719,0
13167,0
16158,0
19873,0
28582,0
16337,0
19389,0
42399,0
21958,0
2607,0
27827,0
44941,0
21982,0
14453,0
34948,0
28203,0
15537,0
22725,0
14917,0
37099,0
34285,0
11103,0
43119,0
30546,0
21696,0
8372,0
28970,0
20189,0
21636,0
37723,0
28217,0
18827,0
38916,0
34929,0
39861,0
14137,0
31438,0
7842,0
10781,0
36223,0
18954,0
19056,0
43008,0
5988,0
30016,0
21092,0
30695,0
44067,0
4344,0
9458,0
11478,0
13770,0
38144,0
29640,0
6918,0
23204,0
24091,0
14694,0
5305,0
27642,0
16600,0
12011,0
21983,0
24256,0
821,0
42515,0
24774,0
11603,0
28483,0
42121,0
25073,0
5606,0
9518,0
12923,0
30996,0
28038,0
8241,0
968,0
15241,0
34975,0
35658,0
19673,0
38703,0
43272,0
21491,0
40378,0
30290,0
8554,0
38551,0
18882,0
23924,0
27984,0
24365,0
35830,0
34603,0
41472,0
3679,0
3989,0
10814,0
12343,0
19602,0
28597,0
8637,0
44445,0
36854,0
18329,0
4032,0
20160,0
550,0
10178,0
24563,0
4636,0
30307,0
26291,0
15788,0
18989,0
11215,0
31301,0
15239,0
9855,0
37200,0
35294,0
22630,0
16704,0
23373,0
27344,0
39403,0
5751,0
15037,0
36299,0
30463,0
43570,0
44113,0
2458,0
7742,0
15780,0
15963,0
1787,0
39489,0
5173,0
38810,0
32757,0
21971,0
15275,0
2626,0
1209,0
6058,0
35896,0
20869,0
5468,0
1951,0
33889,0
3449,0
3692,0
22857,0
8038,0
9886,0
34141,0
4112,0
33861,0
17497,0
35596,0
22827,0
7581,0
43912,0
3577,0
20567,0
12106,0
44699,0
32006,0
1288,0
7264,0
32982,0
19128,0
39340,0
38938,0
1980,0
35606,0
13672,0
28419,0
5775,0
26846,0
6967,0
39109,0
21302,0
21872,0
13210,0
28532,0
26719,0
35636,0
44802,0
34489,0
35899,0
29354,0
19344,0
15911,0
13987,0
23099,0
26517,0
983,0
4764,0
31604,0
35467,0
34049,0
25717,0
21640,0
10145,0
39981,0
12425,0
36800,0
20513,0
44796,0
1463,0
15042,0
6327,0
6751,0
5694,0
27877,0
8648,0
1737,0
35810,0
29467,0
19686,0
24357,0
34745,0
11316,0
10288,0
21448,0
43942,0
28081,0
32111,0
33500,0
10992,0
43011,0
957,0
5841,0
39731,0
488,0
24910,0
28326,0
8456,0
44267,0
26454,0
7495,0
18743,0
43336,0
7797,0
17196,0
7485,0
8308,0
15611,0
254,0
25497,0
27251,0
32807,0
20973,0
5149,0
23290,0
36222,0
31298,0
26016,0
43718,0
24388,0
8218,0
6180,0
29772,0
13453,0
42133,0
10517,0
33260,0
7679,0
7851,0
14075,0
38867,0
39396,0
30338,0
7422,0
20418,0
28158,0
43535,0
13643,0
31598,0
28756,0
41280,0
19549,0
39418,0
25797,0
21647,0
4117,0
15449,0
39254,0
2259,0
23838,0
10469,0
17743,0
25518,0
41030,0
29198,0
527,0
8412,0
38842,0
5243,0
39799,0
28014,0
22005,0
11595,0
28561,0
16725,0
23487,0
18451,0
29506,0
21920,0
16284,0
21025,0
25334,0
15760,0
39032,0
22223,0
26705,0
30023,0
38614,0
24679,0
25096,0
545,0
6143,0
10357,0
19762,0
3658,0
21186,0
42585,0
17426,0
37622,0
28534,0
24490,0
29527,0
27178,0
32531,0
39474,0
16828,0
40456,0
26113,0
30438,0
531,0
22092,0
11957,0
27641,0
5939,0
41392,0
14307,0
25775,0
35825,0
44533,0
4670,0
464,0
1919,0
20483,0
19147,0
44907,0
15170,0
3495,0
14470,0
27497,0
37458,0
40674,0
22082,0
9966,0
41418,0
22023,0
28765,0
5539,0
18766,0
17242,0
22385,0
35881,0
36510,0
17996,0
11817,0
21843,0
43853,0
32099,0
35172,0
37370,0
37179,0
28034,0
40919,0
19314,0
33858,0
42405,0
16990,0
32360,0
10672,0
30029,0
29892,0
27871,0
2684,0
6512,0
32907,0
26640,0
42256,0
7562,0
39973,0
44944,0
15394,0
15150,0
28804,0
9937,0
13110,0
16214,0
4556,0
35613,0
5255,0
5167,0
40555,0
35877,0
9759,0
43044,0
2299,0
44040,0
15392,0
39971,0
7435,0
18057,0
44532,0
3060,0
35787,0
12046,0
32253,0
44811,0
18531,0
10318,0
8840,0
5098,0
38511,0
6949,0
7936,0
12500,0
32929,0
5811,0
16009,0
34693,0
1170,0
5644,0
30435,0
26355,0
40011,0
2644,0
18799,0
19503,0
27667,0
25024,0
9084,0
19864,0
38618,0
18579,0
31084,0
24149,0
34822,0
18173,0
36842,0
20756,0
24613,0
44166,0
14527,0
7215,0
20522,0
34834,0
9543,0
22301,0
36741,0
16697,0
30972,0
26748,0
40358,0
19721,0
33665,0
20832,0
41545,0
12012,0
20539,0
6611,0
790,0
23939,0
11753,0
17249,0
20531,0
28113,0
9894,0
38769,0
30683,0
41278,0
24666,0
4927,0
44616,0
36530,0
3781,0
40053,0
26022,0
7148,0
661,0
9644,0
9605,0
34269,0
43207,0
24408,0
26205,0
17754,0
2440,0
28570,0
23273,0
17727,0
2271,0
44219,0
43910,0
28881,0
9425,0
31693,0
34261,0
24276,0
36483,0
12300,0
28322,0
32249,0
28386,0
28153,0
12355,0
17570,0
24258,0
2187,0
17506,0
23802,0
29717,0
41136,0
40946,0
4238,0
27773,0
2258,0
26656,0
7062,0
24849,0
28664,0
25729,0
7141,0
43374,0
26374,0
2386,0
44156,0
13813,0
13284,0
44247,0
33073,0
19022,0
27217,0
3462,0
17828,0
44755,0
15841,0
33059,0
6117,0
37474,0
12373,0
25251,0
15372,0
25464,0
40242,0
19141,0
15046,0
24398,0
38034,0
41514,0
37639,0
1413,0
39775,0
777,0
29242,0
30510,0
14444,0
14245,0
29304,0
35371,0
14466,0
22216,0
17507,0
19155,0
4609,0
22160,0
39735,0
30333,0
23570,0
31780,0
26751,0
28481,0
11299,0
4318,0
2979,0
8063,0
36943,0
19271,0
9877,0
11724,0
29846,0
17846,0
25263,0
20203,0
856,0
35625,0
35654,0
20627,0
8436,0
14226,0
11151,0
16922,0
39683,0
10559,0
15588,0
9485,0
19118,0
4025,0
10912,0
23482,0
23584,0
40940,0
24643,0
31261,0
34773,0
19005,0
622,0
38167,0
2069,0
42922,0
2646,0
15792,0
29910,0
29877,0
32848,0
16521,0
41010,0
28068,0
16745,0
16100,0
24767,0
9566,0
26792,0
40122,0
20471,0
25522,0
22760,0
17319,0
912,0
7585,0
22457,0
4472,0
30296,0
16855,0
40698,0
18099,0
23010,0
29754,0
31249,0
21760,0
19201,0
9545,0
26645,0
9052,0
1877,0
11004,0
18077,0
6778,0
39261,0
10662,0
26121,0
9043,0
16385,0
20501,0
5968,0
25559,0
21243,0
4215,0
20617,0
32676,0
28814,0
44554,0
13130,0
43557,0
31388,0
7948,0
31558,0
5401,0
2981,0
8354,0
30466,0
31469,0
19628,0
9378,0
29397,0
28107,0
38704,0
43071,0
40986,0
39149,0
39543,0
38988,0
10381,0
44768,0
39771,0
25891,0
43276,0
40137,0
40908,0
33370,0
43215,0
6416,0
13796,0
14050,0
38708,0
42737,0
3890,0
42817,0
2110,0
44096,0
42035,0
41260,0
232,0
1366,0
36886,0
9231,0
19957,0
33015,0
18226,0
23943,0
6517,0
22379,0
32069,0
41229,0
7425,0
29551,0
35995,0
7772,0
29748,0
29578,0
44403,0
38426,0
29758,0
24870,0
44195,0
18913,0
32015,0
2159,0
27996,0
32194,0
28461,0
20025,0
30887,0
44767,0
7367,0
28063,0
20386,0
21118,0
8583,0
30103,0
21839,0
19474,0
43539,0
35514,0
26695,0
10265,0
2449,0
8432,0
23697,0
31205,0
3729,0
2628,0
33198,0
29516,0
20815,0
1057,0
122,0
781,0
22499,0
3072,0
24371,0
44346,0
5876,0
14439,0
1027,0
21868,0
44131,0
36058,0
30960,0
13042,0
16170,0
474,0
1064,0
44904,0
32103,0
33482,0
21312,0
22809,0
11887,0
28312,0
20119,0
44244,0
27429,0
29070,0
29356,0
35972,0
17032,0
39053,0
36662,0
41438,0
16394,0
43250,0
1208,0
38370,0
36936,0
6631,0
40173,0
21679,0
21973,0
35340,0
43843,0
29684,0
16431,0
9872,0
31283,0
35842,0
33689,0
43908,0
40374,0
40248,0
13428,0
42854,0
6935,0
38798,0
14599,0
1134,0
9039,0
8373,0
44133,0
17411,0
31149,0
17170,0
20009,0
5926,0
14696,0
37820,0
8087,0
1903,0
17751,0
10684,0
10857,0
18968,0
33210,0
34753,0
8633,0
13024,0
39497,0
32948,0
23019,0
31578,0
44856,0
39806,0
5824,0
41806,0
368,0
35794,0
36208,0
12223,0
16581,0
44140,0
41442,0
41460,0
20360,0
35296,0
11895,0
40356,0
34443,0
18204,0
4562,0
9962,0
916,0
9016,0
39245,0
2008,0
36241,0
11300,0
8931,0
3224,0
29359,0
39932,0
29089,0
36053,0
44317,0
41699,0
6980,0
26081,0
36523,0
15525,0
4432,0
27876,0
9561,0
12671,0
1273,0
26271,0
33953,0
41177,0
23310,0
15950,0
14539,0
35407,0
9971,0
33788,0
11145,0
39942,0
27187,0
31631,0
6962,0
28380,0
20447,0
43458,0
26625,0
40608,0
27620,0
2904,0
22425,0
13867,0
31551,0
8086,0
12259,0
3329,0
5632,0
15604,0
29042,0
33099,0
5138,0
25275,0
18518,0
11270,0
28040,0
8769,0
41308,0
22551,0
6552,0
10444,0
37840,0
41153,0
27951,0
21852,0
38688,0
34820,0
31374,0
26250,0
23299,0
25423,0
32418,0
38272,0
2173,0
12772,0
928,0
18803,0
21015,0
21732,0
12524,0
28311,0
3456,0
31640,0
4400,0
8094,0
42770,0
20722,0
15230,0
34118,0
33828,0
34061,0
4126,0
9214,0
6744,0
19863,0
42273,0
36239,0
23877,0
5895,0
2729,0
24829,0
5565,0
28648,0
7629,0
37589,0
43735,0
16709,0
36776,0
11279,0
30933,0
40002,0
9970,0
13314,0
36573,0
27379,0
15797,0
14858,0
35325,0
33749,0
21178,0
14825,0
2270,0
43573,0
28848,0
8145,0
33608,0
7862,0
38422,0
8543,0
19213,0
21192,0
18086,0
7859,0
35023,0
25795,0
34417,0
40842,0
7372,0
29366,0
10733,0
42427,0
6312,0
23997,0
43749,0
7719,0
44709,0
84,0
23456,0
42286,0
37090,0
10541,0
22740,0
42131,0
12134,0
34909,0
39439,0
12645,0
13451,0
36571,0
3664,0
41728,0
16702,0
27837,0
4127,0
41145,0
28140,0
6138,0
34103,0
20559,0
25860,0
40033,0
6232,0
42283,0
30398,0
20350,0
28088,0
27974,0
24337,0
5531,0
30101,0
4604,0
18134,0
3809,0
43918,0
1986,0
23096,0
467,0
44005,0
37503,0
42448,0
31824,0
8748,0
6735,0
15181,0
2451,0
22044,0
43184,0
18422,0
44295,0
29108,0
14958,0
36703,0
6758,0
33857,0
23499,0
22652,0
7491,0
7830,0
17807,0
39649,0
37725,0
28694,0
15395,0
21513,0
12878,0
29790,0
12454,0
5753,0
22150,0
32084,0
36734,0
7140,0
32725,0
37305,0
26888,0
8072,0
34273,0
44146,0
3191,0
42726,0
28793,0
14722,0
10044,0
28162,0
26687,0
23522,0
27585,0
5142,0
12163,0
35960,0
34672,0
14127,0
18276,0
39623,0
8397,0
12266,0
27477,0
9784,0
36914,0
9107,0
23051,0
26675,0
5094,0
2059,0
40554,0
13241,0
13749,0
31620,0
27108,0
42791,0
37156,0
42514,0
6255,0
11319,0
40531,0
43483,0
30773,0
3552,0
16925,0
37353,0
29795,0
608,0
31653,0
19546,0
25042,0
19067,0
8217,0
14854,0
33969,0
42706,0
8867,0
43143,0
10406,0
14631,0
8853,0
16298,0
33471,0
15166,0
41894,0
7483,0
27805,0
11258,0
43538,0
34769,0
40247,0
44177,0
44149,0
8882,0
15056,0
13268,0
1274,0
36547,0
11448,0
19096,0
13850,0
20977,0
4063,0
37871,0
9250,0
7330,0
39160,0
35293,0
18341,0
37906,0
27006,0
29781,0
38489,0
16835,0
18807,0
180,0
3087,0
41598,0
4171,0
3960,0
9551,0
23029,0
42869,0
29896,0
38326,0
2293,0
39613,0
3016,0
11351,0
44326,0
7639,0
20511,0
35216,0
6515,0
16564,0
17279,0
28019,0
22383,0
14006,0
617,0
22298,0
35463,0
43605,0
14979,0
12716,0
26414,0
7752,0
7406,0
1768,0
8256,0
26062,0
10235,0
14558,0
11874,0
7769,0
35511,0
23063,0
39568,0
42828,0
35968,0
19046,0
10363,0
13983,0
22737,0
38173,0
44997,0
44182,0
3432,0
29300,0
40346,0
44344,0
38790,0
17009,0
36365,0
22504,0
36373,0
3852,0
7129,0
22194,0
7714,0
20779,0
36880,0
15897,0
15361,0
41081,0
3750,0
5965,0
12915,0
27486,0
43729,0
27094,0
13123,0
31707,0
14625,0
14945,0
40147,0
18920,0
22282,0
8505,0
26025,0
18378,0
26219,0
9508,0
29890,0
12417,0
35030,0
1003,0
10524,0
4762,0
26971,0
41749,0
41510,0
16199,0
26070,0
19309,0
43702,0
27680,0
16411,0
934,0
43279,0
17775,0
5201,0
13555,0
14995,0
3624,0
44536,0
12260,0
23932,0
4780,0
18424,0
10556,0
30440,0
37109,0
39062,0
12649,0
10499,0
32131,0
28016,0
42456,0
31860,0
13450,0
14911,0
41583,0
17926,0
33389,0
28231,0
27538,0
16716,0
32351,0
8833,0
15794,0
15944,0
37818,0
42701,0
44973,0
35686,0
16461,0
35141,0
14358,0
6119,0
44582,0
34830,0
18116,0
3745,0
22853,0
23423,0
36470,0
22336,0
44305,0
39334,0
4692,0
17256,0
30291,0
38224,0
30347,0
17140,0
3611,0
43883,0
11339,0
33757,0
11576,0
21535,0
4574,0
15426,0
30603,0
5231,0
24084,0
11815,0
26585,0
718,0
15065,0
18242,0
5989,0
12168,0
3667,0
3849,0
26490,0
9640,0
37790,0
15280,0
37898,0
28058,0
12380,0
20691,0
681,0
31683,0
10267,0
10937,0
10231,0
16783,0
25439,0
19881,0
30927,0
17408,0
1437,0
29260,0
30468,0
727,0
37509,0
8993,0
29265,0
17748,0
11113,0
3694,0
11690,0
8355,0
9722,0
44394,0
41184,0
15681,0
23663,0
11465,0
24311,0
40382,0
265,0
39120,0
34426,0
11737,0
21021,0
41142,0
35113,0
22316,0
26004,0
28542,0
5614,0
15413,0
18484,0
9917,0
18676,0
5696,0
27330,0
6761,0
37678,0
20554,0
3167,0
19528,0
24000,0
2845,0
30071,0
20334,0
19156,0
43546,0
44160,0
8806,0
17511,0
1041,0
6643,0
29852,0
2306,0
43752,0
14312,0
33850,0
14537,0
30662,0
29676,0
13747,0
17811,0
14177,0
18911,0
22103,0
29257,0
23942,0
1477,0
19573,0
36605,0
6835,0
3070,0
33487,0
40039,0
18299,0
20063,0
24212,0
7063,0
11284,0
3867,0
30365,0
34125,0
37051,0
26983,0
4859,0
13801,0
12293,0
20848,0
36557,0
26614,0
35492,0
38314,0
1629,0
34789,0
29223,0
4356,0
19867,0
15291,0
7357,0
11884,0
11879,0
22265,0
26532,0
2300,0
5334,0
9158,0
17214,0
13367,0
35005,0
28168,0
491,0
26814,0
36687,0
20840,0
26434,0
38431,0
35987,0
25996,0
38108,0
27186,0
24486,0
3873,0
17387,0
11586,0
39889,0
44635,0
5235,0
40912,0
2446,0
36377,0
20590,0
17928,0
32502,0
9609,0
18128,0
29142,0
21552,0
10753,0
21521,0
20497,0
32118,0
35064,0
21476,0
38642,0
39002,0
18353,0
25276,0
14376,0
25819,0
3647,0
3435,0
40301,0
13557,0
3958,0
43548,0
37560,0
11627,0
11725,0
37444,0
18334,0
18658,0
26221,0
29183,0
14784,0
1149,0
39233,0
4685,0
15085,0
41516,0
41182,0
389,0
28520,0
7942,0
37551,0
4595,0
25354,0
33066,0
33116,0
562,0
23227,0
43079,0
4313,0
33030,0
32278,0
11240,0
12670,0
3706,0
20806,0
34451,0
28639,0
8919,0
43180,0
9952,0
27822,0
7311,0
38462,0
1189,0
16816,0
38977,0
38149,0
14646,0
42955,0
23897,0
36910,0
14437,0
39704,0
2136,0
41464,0
41685,0
7544,0
30976,0
19608,0
27045,0
39047,0
41791,0
4252,0
18018,0
32386,0
15178,0
20931,0
4009,0
1798,0
2463,0
20252,0
35617,0
17264,0
44651,0
25812,0
37993,0
5526,0
27488,0
18726,0
26175,0
42583,0
39135,0
35352,0
11980,0
44467,0
23213,0
39564,0
10074,0
16630,0
23199,0
15342,0
4765,0
14323,0
28761,0
44024,0
32327,0
25466,0
30500,0
22286,0
43777,0
29826,0
9769,0
16661,0
24544,0
10537,0
20593,0
24102,0
28873,0
13673,0
37716,0
33599,0
23172,0
1524,0
7132,0
9421,0
41057,0
28819,0
44022,0
44107,0
39743,0
38105,0
35597,0
24856,0
31004,0
3640,0
6430,0
10534,0
26534,0
9190,0
16481,0
29675,0
7489,0
32876,0
41330,0
7266,0
42104,0
12084,0
9255,0
26157,0
33768,0
15846,0
16226,0
11309,0
32540,0
9274,0
8737,0
6717,0
3313,0
15635,0
10208,0
13320,0
13840,0
41655,0
35567,0
40009,0
30275,0
27059,0
29001,0
19865,0
1636,0
37235,0
2356,0
19413,0
32731,0
4873,0
1386,0
12558,0
2241,0
17710,0
14757,0
34942,0
14762,0
4419,0
32268,0
18482,0
36888,0
41066,0
23355,0
22251,0
17062,0
10822,0
29473,0
39253,0
28452,0
40482,0
3801,0
35274,0
27252,0
33505,0
34761,0
11105,0
25735,0
20509,0
43192,0
1391,0
2171,0
42216,0
7467,0
22580,0
10578,0
20156,0
10827,0
31611,0
24010,0
16258,0
44999,0
14169,0
15966,0
1009,0
28392,0
39838,0
33445,0
11327,0
44125,0
41812,0
34633,0
29169,0
33291,0
37895,0
10319,0
19257,0
534,0
15573,0
27132,0
27572,0
32648,0
44152,0
28085,0
2797,0
14941,0
25909,0
28396,0
37243,0
32979,0
32230,0
3992,0
9143,0
15096,0
6963,0
3969,0
8225,0
4885,0
28294,0
44065,0
18163,0
35441,0
28502,0
26398,0
37877,0
39874,0
43755,0
6702,0
34452,0
3580,0
42442,0
41349,0
14654,0
17006,0
28501,0
34468,0
5039,0
11441,0
35784,0
25435,0
21897,0
31471,0
2510,0
4463,0
42261,0
21779,0
4482,0
40019,0
12834,0
31909,0
12416,0
5708,0
21101,0
35270,0
10365,0
14651,0
4446,0
30878,0
30115,0
42574,0
7850,0
27377,0
10311,0
41011,0
1443,0
18548,0
16266,0
12450,0
38092,0
9168,0
4810,0
21790,0
35350,0
32852,0
14364,0
15142,0
21708,0
2212,0
17576,0
34631,0
11421,0
22034,0
24316,0
39780,0
44241,0
12476,0
12974,0
30522,0
26343,0
30247,0
6558,0
13065,0
43224,0
35965,0
9790,0
30649,0
43200,0
9182,0
11127,0
43098,0
17498,0
29047,0
3633,0
34852,0
35614,0
34763,0
9795,0
2034,0
31863,0
39896,0
21046,0
26384,0
29123,0
41907,0
43668,0
35243,0
30889,0
193,0
41291,0
22235,0
33568,0
39347,0
15825,0
34228,0
35285,0
4376,0
30616,0
9258,0
8071,0
30839,0
32500,0
27083,0
36992,0
20807,0
32279,0
43551,0
43889,0
21393,0
29434,0
4658,0
30161,0
13306,0
28336,0
27271,0
38255,0
34357,0
5627,0
17638,0
4955,0
29234,0
39280,0
40798,0
21990,0
19799,0
17322,0
23636,0
44030,0
20678,0
44663,0
20397,0
34018,0
11801,0
15933,0
29555,0
1534,0
24708,0
40575,0
43543,0
17626,0
3805,0
23662,0
10283,0
32375,0
31053,0
14108,0
14479,0
9280,0
10613,0
30749,0
20200,0
30214,0
29421,0
3362,0
30784,0
26867,0
13443,0
38068,0
5143,0
29186,0
16963,0
27223,0
3044,0
37050,0
8388,0
21041,0
33190,0
14643,0
42768,0
38187,0
4337,0
15236,0
18060,0
40655,0
5269,0
34143,0
26427,0
34535,0
6864,0
39793,0
3912,0
25649,0
36844,0
37594,0
21600,0
11831,0
9847,0
37153,0
36292,0
3344,0
18663,0
40577,0
7574,0
1971,0
29380,0
5452,0
20127,0
6484,0
28443,0
19992,0
4572,0
29291,0
5638,0
26737,0
41279,0
2376,0
20618,0
25961,0
42826,0
33905,0
27997,0
3493,0
40891,0
44329,0
31156,0
1050,0
38094,0
38967,0
13039,0
11341,0
42048,0
14918,0
13866,0
25298,0
43401,0
14881,0
40037,0
9180,0
33700,0
39188,0
34904,0
12722,0
44144,0
14063,0
36897,0
36756,0
35932,0
16329,0
40762,0
3725,0
10175,0
14661,0
13425,0
8194,0
17075,0
31328,0
44157,0
33339,0
5226,0
18945,0
8368,0
649,0
9377,0
1161,0
28627,0
21121,0
22095,0
18316,0
28577,0
8725,0
39823,0
39655,0
43857,0
29923,0
26095,0
1033,0
21771,0
40352,0
31472,0
19576,0
4050,0
25755,0
38715,0
16102,0
21642,0
40200,0
27889,0
31164,0
5284,0
21269,0
16376,0
18244,0
21466,0
4433,0
31864,0
25093,0
28046,0
32582,0
37853,0
22268,0
2260,0
35343,0
31575,0
1685,0
40720,0
7517,0
39039,0
33095,0
37174,0
20734,0
21748,0
39177,0
40089,0
340,0
41965,0
41633,0
27312,0
7144,0
39175,0
41131,0
21449,0
44774,0
7855,0
20151,0
6348,0
22262,0
17356,0
9740,0
9341,0
36952,0
762,0
32041,0
1904,0
23450,0
32799,0
30926,0
6172,0
26635,0
23591,0
520,0
23973,0
11384,0
569,0
17697,0
30888,0
5790,0
25150,0
39863,0
27119,0
33501,0
2989,0
12222,0
9352,0
7146,0
9328,0
23033,0
16110,0
9988,0
15850,0
10020,0
17880,0
25920,0
11972,0
19895,0
20750,0
22939,0
6496,0
44733,0
41502,0
32690,0
10695,0
12492,0
12328,0
34022,0
43370,0
2614,0
3895,0
11583,0
7853,0
44101,0
21212,0
9716,0
28275,0
17423,0
4679,0
4361,0
4701,0
7430,0
31036,0
34868,0
7165,0
39540,0
18974,0
15565,0
43764,0
26479,0
15664,0
8768,0
42063,0
25323,0
44456,0
40074,0
35169,0
13836,0
21573,0
8074,0
29491,0
31809,0
28809,0
30513,0
17253,0
1177,0
30352,0
12648,0
4844,0
19820,0
22886,0
43595,0
36177,0
35608,0
347,0
24857,0
3308,0
7593,0
38626,0
13706,0
8810,0
35249,0
9835,0
8982,0
6410,0
6896,0
28718,0
3226,0
43137,0
40693,0
11490,0
6514,0
5106,0
30783,0
44943,0
8464,0
10640,0
19470,0
